{
  "create post-0" : {
    "transaction" : "create post-0",
    "sampleCount" : 25095,
    "errorCount" : 0,
    "errorPct" : 0.0,
    "meanResTime" : 1305.3494720063823,
    "medianResTime" : 1183.0,
    "minResTime" : 96.0,
    "maxResTime" : 6018.0,
    "pct1ResTime" : 1665.0,
    "pct2ResTime" : 1728.0,
    "pct3ResTime" : 1871.0,
    "throughput" : 4.525767387639416,
    "receivedKBytesPerSec" : 5.8170963359724475,
    "sentKBytesPerSec" : 0.8397419957534072
  },
  "Total" : {
    "transaction" : "Total",
    "sampleCount" : 192738,
    "errorCount" : 7596,
    "errorPct" : 3.9411013,
    "meanResTime" : 1670.2476730068681,
    "medianResTime" : 1504.0,
    "minResTime" : 4.0,
    "maxResTime" : 9803.0,
    "pct1ResTime" : 2704.9000000000015,
    "pct2ResTime" : 2902.0,
    "pct3ResTime" : 3372.9900000000016,
    "throughput" : 34.75854964776712,
    "receivedKBytesPerSec" : 847.8671509654641,
    "sentKBytesPerSec" : 7.1400164310873135
  },
  "login" : {
    "transaction" : "login",
    "sampleCount" : 25038,
    "errorCount" : 3683,
    "errorPct" : 14.709641,
    "meanResTime" : 1376.1342759006398,
    "medianResTime" : 1250.0,
    "minResTime" : 19.0,
    "maxResTime" : 6411.0,
    "pct1ResTime" : 1727.0,
    "pct2ResTime" : 1786.0,
    "pct3ResTime" : 1957.0,
    "throughput" : 4.515840340749534,
    "receivedKBytesPerSec" : 147.2933049999319,
    "sentKBytesPerSec" : 0.8512068579027116
  },
  "create post-1" : {
    "transaction" : "create post-1",
    "sampleCount" : 25095,
    "errorCount" : 36,
    "errorPct" : 0.14345486,
    "meanResTime" : 1372.9509862522366,
    "medianResTime" : 1251.0,
    "minResTime" : 81.0,
    "maxResTime" : 6386.0,
    "pct1ResTime" : 1726.0,
    "pct2ResTime" : 1791.0,
    "pct3ResTime" : 1962.0,
    "throughput" : 4.525778814485811,
    "receivedKBytesPerSec" : 140.788624221571,
    "sentKBytesPerSec" : 0.6664182041111818
  },
  "dashboard" : {
    "transaction" : "dashboard",
    "sampleCount" : 25005,
    "errorCount" : 48,
    "errorPct" : 0.1919616,
    "meanResTime" : 1381.987362527493,
    "medianResTime" : 1252.0,
    "minResTime" : 5.0,
    "maxResTime" : 6338.0,
    "pct1ResTime" : 1735.0,
    "pct2ResTime" : 1800.0,
    "pct3ResTime" : 1974.9900000000016,
    "throughput" : 4.5106873796902,
    "receivedKBytesPerSec" : 140.2543187156794,
    "sentKBytesPerSec" : 0.66387335678076
  },
  "update post-1" : {
    "transaction" : "update post-1",
    "sampleCount" : 21215,
    "errorCount" : 14,
    "errorPct" : 0.065991044,
    "meanResTime" : 1363.097195380632,
    "medianResTime" : 1244.0,
    "minResTime" : 114.0,
    "maxResTime" : 6066.0,
    "pct1ResTime" : 1722.0,
    "pct2ResTime" : 1788.0,
    "pct3ResTime" : 1955.9900000000016,
    "throughput" : 12.397805036261314,
    "receivedKBytesPerSec" : 385.94206382418815,
    "sentKBytesPerSec" : 1.8269855106314903
  },
  "create post" : {
    "transaction" : "create post",
    "sampleCount" : 25133,
    "errorCount" : 74,
    "errorPct" : 0.29443362,
    "meanResTime" : 2675.3251899892334,
    "medianResTime" : 2677.0,
    "minResTime" : 4.0,
    "maxResTime" : 9703.0,
    "pct1ResTime" : 3214.0,
    "pct2ResTime" : 3349.0,
    "pct3ResTime" : 3636.0,
    "throughput" : 4.532508526068191,
    "receivedKBytesPerSec" : 146.6198189615478,
    "sentKBytesPerSec" : 1.5061213050510969
  },
  "update post" : {
    "transaction" : "update post",
    "sampleCount" : 24942,
    "errorCount" : 3741,
    "errorPct" : 14.998797,
    "meanResTime" : 2479.388381044018,
    "medianResTime" : 2551.0,
    "minResTime" : 26.0,
    "maxResTime" : 9803.0,
    "pct1ResTime" : 3141.0,
    "pct2ResTime" : 3289.0,
    "pct3ResTime" : 3599.9900000000016,
    "throughput" : 4.50039515136643,
    "receivedKBytesPerSec" : 143.2087675929192,
    "sentKBytesPerSec" : 1.3923027722168893
  },
  "update post-0" : {
    "transaction" : "update post-0",
    "sampleCount" : 21215,
    "errorCount" : 0,
    "errorPct" : 0.0,
    "meanResTime" : 1305.587650247476,
    "medianResTime" : 1184.0,
    "minResTime" : 771.0,
    "maxResTime" : 6083.0,
    "pct1ResTime" : 1659.0,
    "pct2ResTime" : 1728.0,
    "pct3ResTime" : 1887.9900000000016,
    "throughput" : 12.389059085563053,
    "receivedKBytesPerSec" : 15.922138478284547,
    "sentKBytesPerSec" : 2.1293695303311497
  }
}